{
    "loss": 0.3779011070728302,
    "accuracy": 0.8879310488700867
}