{
    "loss": 0.3234021067619324,
    "accuracy": 0.8879310488700867
}