{
    "loss": 0.5611280202865601,
    "accuracy": 0.9396551847457886
}