{
    "loss": 2.857060194015503,
    "accuracy": 0.6982758641242981
}